<?xml version="1.0" encoding="UTF-8"?>
<project-private xmlns="http://www.netbeans.org/ns/project-private/1">
    <editor-bookmarks xmlns="http://www.netbeans.org/ns/editor-bookmarks/2" lastBookmarkId="0"/>
    <open-files xmlns="http://www.netbeans.org/ns/projectui-open-files/2">
        <group>
            <file>file:/C:/Users/leone/OneDrive/Desktop/Universidad%203er%20año/Seminario-Práctica/ApexSC/src/apexsc/Entrada.java</file>
            <file>file:/C:/Users/leone/OneDrive/Desktop/Universidad%203er%20año/Seminario-Práctica/ApexSC/src/apexsc/MorosoDTO.java</file>
            <file>file:/C:/Users/leone/OneDrive/Desktop/Universidad%203er%20año/Seminario-Práctica/ApexSC/src/apexsc/Conexion.java</file>
            <file>file:/C:/Users/leone/OneDrive/Desktop/Universidad%203er%20año/Seminario-Práctica/ApexSC/src/apexsc/SocioDAO.java</file>
            <file>file:/C:/Users/leone/OneDrive/Desktop/Universidad%203er%20año/Seminario-Práctica/ApexSC/src/apexsc/Sesion.java</file>
            <file>file:/C:/Users/leone/OneDrive/Desktop/Universidad%203er%20año/Seminario-Práctica/ApexSC/src/apexsc/UsuarioDAO.java</file>
            <file>file:/C:/Users/leone/OneDrive/Desktop/Universidad%203er%20año/Seminario-Práctica/ApexSC/src/apexsc/VentanaCarnetSocio.java</file>
            <file>file:/C:/Users/leone/OneDrive/Desktop/Universidad%203er%20año/Seminario-Práctica/ApexSC/src/apexsc/Cajero.java</file>
            <file>file:/C:/Users/leone/OneDrive/Desktop/Universidad%203er%20año/Seminario-Práctica/ApexSC/src/apexsc/VentanaSocios.java</file>
            <file>file:/C:/Users/leone/OneDrive/Desktop/Universidad%203er%20año/Seminario-Práctica/ApexSC/src/apexsc/VentanaExportarReportes.java</file>
            <file>file:/C:/Users/leone/OneDrive/Desktop/Universidad%203er%20año/Seminario-Práctica/ApexSC/src/apexsc/Evento.java</file>
            <file>file:/C:/Users/leone/OneDrive/Desktop/Universidad%203er%20año/Seminario-Práctica/ApexSC/src/apexsc/VentanaUsuarios.java</file>
            <file>file:/C:/Users/leone/OneDrive/Desktop/Universidad%203er%20año/Seminario-Práctica/ApexSC/src/apexsc/VentanaCuotas.java</file>
            <file>file:/C:/Users/leone/OneDrive/Desktop/Universidad%203er%20año/Seminario-Práctica/ApexSC/src/apexsc/VentanaEventos.java</file>
            <file>file:/C:/Users/leone/OneDrive/Desktop/Universidad%203er%20año/Seminario-Práctica/ApexSC/src/apexsc/AbonoPileta.java</file>
            <file>file:/C:/Users/leone/OneDrive/Desktop/Universidad%203er%20año/Seminario-Práctica/ApexSC/src/apexsc/ApexSC.java</file>
            <file>file:/C:/Users/leone/OneDrive/Desktop/Universidad%203er%20año/Seminario-Práctica/ApexSC/src/apexsc/VentanaMorosos.java</file>
            <file>file:/C:/Users/leone/OneDrive/Desktop/Universidad%203er%20año/Seminario-Práctica/ApexSC/src/apexsc/VentanaEntradas.java</file>
            <file>file:/C:/Users/leone/OneDrive/Desktop/Universidad%203er%20año/Seminario-Práctica/ApexSC/src/apexsc/VentanaReporteIngresos.java</file>
            <file>file:/C:/Users/leone/OneDrive/Desktop/Universidad%203er%20año/Seminario-Práctica/ApexSC/src/apexsc/CuotaDAO.java</file>
            <file>file:/C:/Users/leone/OneDrive/Desktop/Universidad%203er%20año/Seminario-Práctica/ApexSC/src/apexsc/Usuario.java</file>
            <file>file:/C:/Users/leone/OneDrive/Desktop/Universidad%203er%20año/Seminario-Práctica/ApexSC/src/apexsc/Cuota.java</file>
            <file>file:/C:/Users/leone/OneDrive/Desktop/Universidad%203er%20año/Seminario-Práctica/ApexSC/src/apexsc/VentanaReporteCaja.java</file>
            <file>file:/C:/Users/leone/OneDrive/Desktop/Universidad%203er%20año/Seminario-Práctica/ApexSC/src/apexsc/EventoDAO.java</file>
            <file>file:/C:/Users/leone/OneDrive/Desktop/Universidad%203er%20año/Seminario-Práctica/ApexSC/src/apexsc/VentanaReportes.java</file>
            <file>file:/C:/Users/leone/OneDrive/Desktop/Universidad%203er%20año/Seminario-Práctica/ApexSC/src/apexsc/Socio.java</file>
            <file>file:/C:/Users/leone/OneDrive/Desktop/Universidad%203er%20año/Seminario-Práctica/ApexSC/src/apexsc/VentanaAbonoPileta.java</file>
            <file>file:/C:/Users/leone/OneDrive/Desktop/Universidad%203er%20año/Seminario-Práctica/ApexSC/src/apexsc/AbonoPiletaDAO.java</file>
            <file>file:/C:/Users/leone/OneDrive/Desktop/Universidad%203er%20año/Seminario-Práctica/ApexSC/src/apexsc/EntradaDAO.java</file>
            <file>file:/C:/Users/leone/OneDrive/Desktop/Universidad%203er%20año/Seminario-Práctica/ApexSC/src/apexsc/VentanaLogin.java</file>
            <file>file:/C:/Users/leone/OneDrive/Desktop/Universidad%203er%20año/Seminario-Práctica/ApexSC/src/apexsc/QRGenerator.java</file>
            <file>file:/C:/Users/leone/OneDrive/Desktop/Universidad%203er%20año/Seminario-Práctica/ApexSC/src/apexsc/VentanaControlAcceso.java</file>
            <file>file:/C:/Users/leone/OneDrive/Desktop/Universidad%203er%20año/Seminario-Práctica/ApexSC/src/apexsc/VentanaReporteAsistencia.java</file>
        </group>
    </open-files>
</project-private>
